,voltage_1,power_factor_1,active_power_1,current_1,voltage_2,power_factor_2,active_power_2,current_2,voltage_3,power_factor_3,active_power_3,current_3,voltage_4,power_factor_4,active_power_4,current_4,voltage_5,power_factor_5,active_power_5,current_5,voltage_6,power_factor_6,active_power_6,current_6
count,10926.0,10926.0,10926.0,10926.0,10926.0,10926.0,10926.0,10926.0,10926.0,10926.0,10926.0,10926.0,10926.0,10926.0,10926.0,10926.0,10926.0,10926.0,10926.0,10926.0,10926.0,10926.0,10926.0,10926.0
mean,229.48026450668132,0.7759167124290682,54.60928061504668,0.31009546036976016,228.62849350173897,0.7718108182317408,57.501281347245104,0.3236544938678382,229.48247391543106,0.7833603331502836,53.573036792970896,0.30174739154310815,228.6310479589969,0.7740068643602416,55.332784184514004,0.31108218927329306,229.48705198608826,0.78352471169687,52.06077246933919,0.2922907742998352,228.6304750137287,0.7691365550064067,27.08859600951858,0.15636344499359325
std,0.7172671843759985,0.010510773413031367,3.25525829077297,0.020536794985308433,0.7050419143317895,0.019706681976783828,5.802812243813022,0.03747281267933842,0.7108942529713077,0.01634923876180091,5.698008135967143,0.03535653875893769,0.7074405927703511,0.020458878744120713,6.134779097290289,0.03944508240287468,0.7154911928816811,0.01998991239385824,6.345243787742986,0.03926437203973857,0.7068756560425651,0.0065943756628394435,0.42531335200602505,0.001215376689370647
min,227.65,0.767,28.0,0.145,227.12,0.758,30.0,0.149,227.61,0.768,28.0,0.147,226.79,0.759,29.0,0.149,227.92,0.769,27.0,0.142,226.97,0.751,26.0,0.153
25%,228.83,0.773,55.0,0.312,228.0,0.765,59.0,0.331,228.86,0.777,55.0,0.309,228.02,0.766,57.0,0.32,228.87,0.775,54.0,0.302,228.0,0.764,27.0,0.156
50%,229.56,0.775,55.0,0.313,228.73,0.767,59.0,0.333,229.59,0.78,55.0,0.311,228.73,0.769,57.0,0.322,229.58,0.778,54.0,0.303,228.71,0.769,27.0,0.156
75%,230.06,0.777,55.0,0.315,229.2,0.77,59.0,0.335,230.04,0.782,55.0,0.313,229.18,0.772,57.0,0.324,230.05,0.781,54.0,0.305,229.21,0.774,27.0,0.157
max,231.07,0.857,56.0,0.318,230.29,0.857,60.0,0.337,231.08,0.851,56.0,0.318,230.2,0.856,58.0,0.327,231.19,0.86,54.0,0.308,230.29,0.788,28.0,0.16
